country,year,gdppc,growth5
United States,1955,17370.0,2.6509493651786897
United States,1956,17397.0,1.5301266740927133
United States,1957,17406.0,1.1435755040573703
United States,1958,16946.0,0.03426155359236294
United States,1959,17900.0,1.6273661451061239
United States,1960,18057.0,0.7787937645240994
United States,1961,18175.0,0.8788240994221042
United States,1962,18976.0,1.7422033340975807
United States,1963,19514.0,2.8622026082948615
United States,1964,20360.0,2.6088803135883687
United States,1965,21390.0,3.445841617926737
United States,1966,22529.0,4.3887023905677
United States,1967,22842.0,3.7781420236897123
United States,1968,23691.0,3.9554872686129006
United States,1969,24195.0,3.511730836753979
United States,1970,23958.0,2.2934804112123786
United States,1971,24394.0,1.6033952532838347
United States,1972,25414.0,2.156917429251215
United States,1973,26602.0,2.3448937047536145
United States,1974,26286.0,1.6716274715492752
United States,1975,25956.0,1.6149109686115493
United States,1976,27058.0,2.094544204538118
United States,1977,28001.0,1.9577172011428834
United States,1978,29286.0,1.941062028337126
United States,1979,29949.0,2.6435264705752415
United States,1980,29611.0,2.669881735410762
United States,1981,30056.0,2.123830923199277
United States,1982,29210.0,0.8490016003461998
United States,1983,30158.0,0.588537955490831
United States,1984,32076.0,1.3817015081080797
United States,1985,33023.0,2.2051288428970306
United States,1986,33850.0,2.406022484935
United States,1987,34730.0,3.5224747069357853
United States,1988,35863.0,3.5258525979163347
United States,1989,36756.0,2.7613042263975984
United States,1990,36982.0,2.290375752526641
United States,1991,36463.957,1.4988273048098577
United States,1992,37240.3,1.4055389362398474
United States,1993,37761.535,1.0370377186132762
United States,1994,38807.28,1.0920473837066513
United States,1995,39390.625,1.2699266656181818
United States,1996,40412.75,2.0777107374899906
United States,1997,41722.67,2.2990932800284636
United States,1998,43072.758,2.666937682102355
United States,1999,44575.848,2.8104551811197975
United States,2000,45886.47,3.0999264560893414
United States,2001,45878.008,2.569261761525521
United States,2002,46266.297,2.088901258770237
United States,2003,47157.996,1.8287780034021095
United States,2004,48492.72,1.6986964292880824
United States,2005,49654.76,1.591002882039172
United States,2006,50489.86,1.9342009148547001
United States,2007,50901.746,1.9280199291298983
United States,2008,50275.746,1.2886158665515568
United States,2009,48452.934,-0.016414448787083202
United States,2010,49266.914,-0.15670742273945493
United States,2011,49675.0,-0.32488581224331403
United States,2012,50436.434,-0.18349972867339748
United States,2013,51010.797,0.2907125971310487
United States,2014,51796.62,1.343586123132634
United States,2015,52808.152,1.3979376820256073
United States,2016,53301.016,1.4190463029751132
United States,2017,54152.363,1.4319110159956017
United States,2018,55454.668,1.6846036364602357
United States,2019,56469.26,1.7424368261388379
United States,2020,54379.207,0.5880479292862617
United States,2021,57522.703,1.5361658021664226
United States,2022,58487.465,1.5521394179161208
Canada,1955,13072.0,2.379318341036196
Canada,1956,13791.0,2.809263875035528
Canada,1957,13719.0,1.9013235979174814
Canada,1958,13603.0,1.3417864685261183
Canada,1959,13829.0,2.417715887937999
Canada,1960,13952.0,1.3115327034632918
Canada,1961,14080.0,0.41564431963305726
Canada,1962,14787.0,1.5106300543467732
Canada,1963,15248.0,2.3094233977451806
Canada,1964,15938.0,2.8794441611689425
Canada,1965,16694.0,3.653695018238179
Canada,1966,17448.0,4.382717611129339
Canada,1967,17658.0,3.6125322740611088
Canada,1968,18297.0,3.7130487455134586
Canada,1969,18988.0,3.564062971245918
Canada,1970,19207.0,2.844205017064061
Canada,1971,20024.0,2.792407268152708
Canada,1972,20837.0,3.3662440396347026
Canada,1973,22058.0,3.8095357589022605
Canada,1974,22643.0,3.583587610596628
Canada,1975,22819.0,3.506450171007214
Canada,1976,23754.0,3.4754164874866156
Canada,1977,24265.0,3.092962739239802
Canada,1978,24994.0,2.530700994061519
Canada,1979,25775.0,2.6249459698017397
Canada,1980,25784.0,2.4733034428075618
Canada,1981,26256.0,2.023064001697761
Canada,1982,25151.0,0.7198319103354223
Canada,1983,25625.0,0.49989817023126104
Canada,1984,26836.0,0.8100480744621663
Canada,1985,28025.0,1.6808260512595652
Canada,1986,28472.0,1.633734118468122
Canada,1987,29246.0,3.062872743609679
Canada,1988,30275.0,3.3913141764759347
Canada,1989,30458.0,2.56441796576512
Canada,1990,30082.0,1.4266816759948675
Canada,1991,29151.697,0.4729544961485699
Canada,1992,29141.191,-0.07177704002497842
Canada,1993,29657.574,-0.41124704848086724
Canada,1994,30745.822,0.18828562866690657
Canada,1995,31330.72,0.8167594210997109
Canada,1996,31594.242,1.622253157577247
Canada,1997,32709.691,2.337270348664622
Canada,1998,33785.746,2.6406935668117137
Canada,1999,35345.723,2.827707195353746
Canada,2000,36942.562,3.3502013572365152
Canada,2001,37307.207,3.3801027069462863
Canada,2002,38123.99,3.110853346248721
Canada,2003,38559.977,2.678768373712903
Canada,2004,39491.57,2.242981633413299
Canada,2005,40485.02,1.848226147904386
Canada,2006,41247.15,2.0282039989642398
Canada,2007,41806.863,1.861448307546043
Canada,2008,41896.426,1.6735627865609004
Canada,2009,40312.62,0.4123948145030365
Canada,2010,41209.426,0.3553295529280076
Canada,2011,42197.0,0.45638043743678747
Canada,2012,42476.344,0.31824124652477526
Canada,2013,43008.83,0.5254741677466646
Canada,2014,43800.64,1.67352630935802
Canada,2015,43761.527,1.2090108739745586
Canada,2016,43702.08,0.7033936687966813
Canada,2017,44493.652,0.9323034870371671
Canada,2018,45087.887,0.9486350077401839
Canada,2019,45284.215,0.6684258174857627
Canada,2020,42493.63,-0.5862919621407503
Canada,2021,44379.594,0.30815524460781063
Canada,2022,45529.645,0.4614037028142004
Australia,1955,12795.0,1.6064581692968316
Australia,1956,12924.0,1.5522593664606399
Australia,1957,12895.0,1.7492894507779688
Australia,1958,13238.0,2.0461101765081535
Australia,1959,13753.0,2.0615508324250076
Australia,1960,14013.0,1.835257610455332
Australia,1961,13793.0,1.3100098016144646
Australia,1962,14389.0,2.2166993631057785
Australia,1963,14983.0,2.507414716627121
Australia,1964,15699.0,2.682139541862183
Australia,1965,16182.0,2.920103662523399
Australia,1966,16324.0,3.4269148003176264
Australia,1967,17108.0,3.5222555340852724
Australia,1968,17770.0,3.4707815938456843
Australia,1969,18428.0,3.2574136522906194
Australia,1970,19166.0,3.442702305133749
Australia,1971,19590.0,3.7149995926656354
Australia,1972,19772.0,2.9367072881836487
Australia,1973,20527.0,2.9265962191633577
Australia,1974,20698.0,2.3505158366262435
Australia,1975,20993.0,1.837705195788697
Australia,1976,21613.0,1.9849584972764456
Australia,1977,21592.0,1.776720790956432
Australia,1978,21948.0,1.347699217174081
Australia,1979,22826.0,1.9765431750357498
Australia,1980,22972.0,1.8180699539968925
Australia,1981,23368.0,1.573705945895254
Australia,1982,22972.0,1.2467723491412785
Australia,1983,22697.0,0.6733919153521839
Australia,1984,24009.0,1.0156939660300068
Australia,1985,24927.0,1.6469241158628467
Australia,1986,25116.0,1.4532084424458747
Australia,1987,25971.0,2.4844495711394687
Australia,1988,26702.0,3.303507324218913
Australia,1989,27407.0,2.682748679584046
Australia,1990,27373.0,1.8897453316736756
Australia,1991,26861.275,1.3526783210591198
Australia,1992,27560.178,1.1949101633320414
Australia,1993,28622.477,1.3987694868096145
Australia,1994,29844.172,1.718420297563794
Australia,1995,30690.062,2.3140023065626902
Australia,1996,31740.47,3.394478257553102
Australia,1997,32857.992,3.579020618723794
Australia,1998,34337.14,3.7077902928707385
Australia,1999,35551.02,3.5615415113801063
Australia,2000,36603.047,3.5866754165606363
Australia,2001,37275.992,3.267383006744362
Australia,2002,38567.066,3.2559570270604743
Australia,2003,39523.656,2.853387131844465
Australia,2004,40887.727,2.836711533771119
Australia,2005,41904.445,2.742131335807718
Australia,2006,42650.984,2.730634168123469
Australia,2007,44033.582,2.686531069792508
Australia,2008,44421.64,2.3640583033761153
Australia,2009,44686.543,1.7927290833114062
Australia,2010,45400.223,1.615411123707955
Australia,2011,46132.0,1.581505635094782
Australia,2012,47045.13,1.3318873156740851
Australia,2013,47260.953,1.2468632935410895
Australia,2014,47753.848,1.3365985785376733
Australia,2015,48145.53,1.181146734798677
Australia,2016,48675.137,1.0790100438572203
Australia,2017,49001.902,0.8183656521913996
Australia,2018,49614.387,0.9766668736871598
Australia,2019,49814.67,0.848577557819219
Australia,2020,48268.945,0.051214993689918664
Australia,2021,50704.934,0.8204445011061878
Australia,2022,52049.43,1.2140045387973197
United Kingdom,1955,12541.0,2.5433626921052888
United Kingdom,1956,12639.0,2.167499600488232
United Kingdom,1957,12779.0,2.485076235093797
United Kingdom,1958,12698.0,1.634955967001539
United Kingdom,1959,13134.0,1.5780563541584858
United Kingdom,1960,13780.0,1.9021647364718897
United Kingdom,1961,14118.0,2.237940582072162
United Kingdom,1962,14131.0,2.0317193929981547
United Kingdom,1963,14583.0,2.806911081924479
United Kingdom,1964,15251.0,3.0339291664353674
United Kingdom,1965,15545.0,2.4397009004074377
United Kingdom,1966,15757.0,2.2209873527861967
United Kingdom,1967,16018.0,2.5385279968485053
United Kingdom,1968,16593.0,2.6161242249921113
United Kingdom,1969,16820.0,1.9777754667297254
United Kingdom,1970,17162.0,1.998887336892352
United Kingdom,1971,17440.0,2.050371282294128
United Kingdom,1972,18002.0,2.362879353923586
United Kingdom,1973,19168.0,2.9272518983334717
United Kingdom,1974,18903.0,2.362515191459047
United Kingdom,1975,18884.0,1.9307497863413348
United Kingdom,1976,19311.0,2.059081770700222
United Kingdom,1977,19740.0,1.8603767569731255
United Kingdom,1978,20448.0,1.3012506560889925
United Kingdom,1979,20988.0,2.114652611309875
United Kingdom,1980,20612.0,1.7665914073702327
United Kingdom,1981,20319.0,1.022826011460265
United Kingdom,1982,20650.0,0.9054402416808438
United Kingdom,1983,21366.0,0.8821844183535932
United Kingdom,1984,21869.0,0.8257761382097772
United Kingdom,1985,22579.0,1.8396537240152888
United Kingdom,1986,23498.0,2.9498489686715867
United Kingdom,1987,24536.0,3.508673121413719
United Kingdom,1988,25679.0,3.7459081416060025
United Kingdom,1989,26164.0,3.6513691576374407
United Kingdom,1990,26189.0,3.0108195503977475
United Kingdom,1991,25792.014,1.8804539246378704
United Kingdom,1992,25790.186,1.0020392285069235
United Kingdom,1993,26349.342,0.516725764071535
United Kingdom,1994,27277.543,0.837070866012124
United Kingdom,1995,27861.215,1.2456160315007514
United Kingdom,1996,28472.248,1.996977027404001
United Kingdom,1997,29259.764,2.556518394359486
United Kingdom,1998,30077.385,2.681938765575831
United Kingdom,1999,30932.537,2.546787193080635
United Kingdom,2000,31946.037,2.774030287092688
United Kingdom,2001,32660.441,2.782708367721831
United Kingdom,2002,33271.3,2.6029364504153385
United Kingdom,2003,34232.426,2.621774632089613
United Kingdom,2004,34865.78,2.4228293903369336
United Kingdom,2005,35623.625,2.2031365022246785
United Kingdom,2006,36214.07,2.0871450150682813
United Kingdom,2007,36816.676,2.0457591934002872
United Kingdom,2008,36264.79,1.1601577184662926
United Kingdom,2009,34402.36,-0.2672555498159035
United Kingdom,2010,34754.473,-0.49279691604600107
United Kingdom,2011,34971.0,-0.6961370766179309
United Kingdom,2012,35243.64,-0.8695138165597083
United Kingdom,2013,35660.56,-0.335475656913109
United Kingdom,2014,36521.86,1.2028936412870506
United Kingdom,2015,37101.227,1.3154115838067693
United Kingdom,2016,37593.906,1.4569681249318345
United Kingdom,2017,38283.938,1.66867638547612
United Kingdom,2018,38704.6,1.651755905236052
United Kingdom,2019,39113.01,1.3803229467592493
United Kingdom,2020,34651.184,-1.3570705626777535
United Kingdom,2021,37134.33,-0.2456993460689727
United Kingdom,2022,38406.53,0.06396169403219965
France,1955,9881.0,3.63372285198571
France,1956,10278.0,3.3779623269003745
France,1957,10779.0,3.977833319938018
France,1958,10927.0,3.818452023753438
France,1959,11124.0,3.363755779248545
France,1960,11792.0,3.5994176670249622
France,1961,12302.0,3.660529255078271
France,1962,12859.0,3.591887180015063
France,1963,13330.0,4.055691885130774
France,1964,14057.0,4.791566590440088
France,1965,14609.0,4.37743104290107
France,1966,15213.0,4.339278317440987
France,1967,15792.0,4.194786186411492
France,1968,16365.0,4.187873015837518
France,1969,17352.0,4.301698040387869
France,1970,18187.0,4.478785495897775
France,1971,18881.0,4.41479145071213
France,1972,19549.0,4.360819858191345
France,1973,20441.0,4.548360259690676
France,1974,20902.0,3.7929034558887853
France,1975,20653.0,2.5756825867847555
France,1976,21465.0,2.5985398588437736
France,1977,22177.0,2.5547192320541035
France,1978,22698.0,2.1167750019648324
France,1979,23326.0,2.2187311170035917
France,1980,23537.0,2.6487328216986183
France,1981,23655.0,1.962015561275643
France,1982,24120.0,1.6938996218415214
France,1983,24300.0,1.373335501655859
France,1984,24519.0,1.0025867374057862
France,1985,24755.0,1.014185102483256
France,1986,25238.0,1.303954015015374
France,1987,25756.0,1.3211761717392356
France,1988,26763.0,1.9496417705827884
France,1989,27576.0,2.377778926966956
France,1990,28129.0,2.588403778971382
France,1991,28294.264,2.31249913333762
France,1992,28619.805,2.13101564709679
France,1993,28336.16,1.1489177579161902
France,1994,28907.977,0.94789934774544
France,1995,29418.863,0.9007322895761227
France,1996,29736.645,0.999381291656487
France,1997,30341.807,1.1754056301782168
France,1998,31323.078,2.024549827619704
France,1999,32284.611,2.234051360502942
France,2000,33409.68,2.576833019393887
France,2001,33920.098,2.6675092522575383
France,2002,34152.773,2.39456515637535
France,2003,34292.03,1.827657377338121
France,2004,35093.824,1.6826900621783825
France,2005,35495.465,1.218549821344439
France,2006,36166.16,1.290580522490914
France,2007,36845.684,1.5294726214763577
France,2008,36761.793,1.4006404574138598
France,2009,35534.926,0.25012996931232934
France,2010,36086.727,0.33095008968586637
France,2011,36691.0,0.2885679256061424
France,2012,36625.926,-0.11957121674970317
France,2013,36647.22,-0.06241050345617838
France,2014,36818.54,0.7122339835309077
France,2015,37077.89,0.5433852207968881
France,2016,37343.84,0.35335238732880914
France,2017,38037.336,0.7591037619926633
France,2018,38555.465,1.020376317379057
France,2019,39084.656,1.2017322212388715
France,2020,35913.82,-0.635942381416088
France,2021,38242.133,0.4765296948012532
France,2022,39065.71,0.5349637771180804
Germany,1955,9240.0,8.355861924321362
Germany,1956,9846.0,7.990403815825453
Germany,1957,10348.0,7.354402564106888
Germany,1958,10739.0,6.554951381081353
Germany,1959,11440.0,6.4639070600643445
Germany,1960,12282.0,5.8569616084906295
Germany,1961,12675.0,5.18108035720013
Germany,1962,13106.0,4.838970768922413
Germany,1963,13367.0,4.475394840685976
Germany,1964,14062.0,4.213555658840806
Germany,1965,14642.0,3.5776997266814714
Germany,1966,14964.0,3.376052987864675
Germany,1967,14979.0,2.7075882664814532
Germany,1968,15723.0,3.2999932816015765
Germany,1969,16641.0,3.4252228638911086
Germany,1970,17277.0,3.3650183684220236
Germany,1971,17657.0,3.3650796197916
Germany,1972,18301.0,4.087457430455577
Germany,1973,19074.0,3.9396554333918754
Germany,1974,19228.0,2.932124961114413
Germany,1975,19193.0,2.125667002422582
Germany,1976,20218.0,2.7458418834954923
Germany,1977,20837.0,2.6294671685350046
Germany,1978,21447.0,2.3728878897967043
Germany,1979,22305.0,3.0133765997539586
Germany,1980,22497.0,3.2277232939925904
Germany,1981,22553.0,2.2099616977834913
Germany,1982,22380.0,1.4390044076335595
Germany,1983,22840.0,1.2665255376421714
Germany,1984,23564.0,1.1042372886199248
Germany,1985,24133.0,1.413866498441374
Germany,1986,24657.0,1.7998605422160363
Germany,1987,25027.0,2.260930997381605
Germany,1988,25759.0,2.4345773613081656
Germany,1989,26393.0,2.2934788891667335
Germany,1990,25391.0,1.0214734236773992
Germany,1991,26769.96,1.6579850645515037
Germany,1992,27385.055,1.8171566574340936
Germany,1993,27250.701,1.1322654448189473
Germany,1994,28140.057,1.2901567005975778
Germany,1995,28868.945,2.600675841025546
Germany,1996,29349.982,1.8572679950419557
Germany,1997,30186.945,1.9673444824435116
Germany,1998,31129.584,2.6973240994357273
Germany,1999,32087.604,2.6602844576751883
Germany,2000,33367.285,2.9385369835632114
Germany,2001,34260.29,3.1422590255343996
Germany,2002,34590.93,2.7610693580293555
Germany,2003,34716.44,2.205054324109401
Germany,2004,35528.715,2.0583263765044046
Germany,2005,36205.574,1.6461452102608076
Germany,2006,38014.137,2.101193829666914
Germany,2007,39752.207,2.820521286471478
Germany,2008,40715.434,3.2392347887792994
Germany,2009,38962.938,1.8625254770026967
Germany,2010,41109.582,2.573110307641846
Germany,2011,43189.0,2.585410960208301
Germany,2012,43288.32,1.7189567296572061
Germany,2013,43359.137,1.2661530828291134
Germany,2014,44132.758,2.523134173467456
Germany,2015,44405.168,1.5542472318065936
Germany,2016,45030.47,0.8385672127402488
Germany,2017,46065.1,1.2512182625018298
Germany,2018,46377.39,1.354989940926532
Germany,2019,46761.945,1.1640714392163742
Germany,2020,44996.43,0.2648961159758656
Germany,2021,46159.05,0.4963009062572077
Germany,2022,46647.793,0.25171633526748227
Italy,1955,7453.0,5.951780126554818
Italy,1956,7745.0,5.386306667718821
Italy,1957,8158.0,5.069150075355489
Italy,1958,8544.0,4.70279932185913
Italy,1959,9011.0,4.906126715922876
Italy,1960,9430.0,4.818059250848861
Italy,1961,10158.0,5.574092573063538
Italy,1962,10882.0,5.9314712522161805
Italy,1963,11576.0,6.262359676942286
Italy,1964,11934.0,5.779767656564316
Italy,1965,12111.0,5.131693992162467
Italy,1966,12659.0,4.500468687558956
Italy,1967,13476.0,4.368743773945072
Italy,1968,14513.0,4.626027339917349
Italy,1969,15248.0,5.023229765510395
Italy,1970,15492.0,5.047445731878786
Italy,1971,15683.0,4.377273574931206
Italy,1972,16035.0,3.5384340764534894
Italy,1973,16950.0,3.15315162501002
Italy,1974,17607.0,2.9187484222979343
Italy,1975,17123.0,2.0221504985903582
Italy,1976,18147.0,2.961565995242954
Italy,1977,18599.0,3.01112401314525
Italy,1978,19230.0,2.556198988699432
Italy,1979,20275.0,2.862032080343213
Italy,1980,20959.0,4.12574942967312
Italy,1981,21041.0,3.0035771750012152
Italy,1982,21123.0,2.5777575950787224
Italy,1983,21345.0,2.108847648436285
Italy,1984,21868.0,1.5242150748813188
Italy,1985,22469.0,1.4010932436683055
Italy,1986,23106.0,1.8900272823378028
Italy,1987,23824.0,2.4358124412497517
Italy,1988,24743.0,2.998580449583943
Italy,1989,25454.0,3.0835567657752305
Italy,1990,26003.0,2.9646013452170994
Italy,1991,26570.363,2.833482528076825
Italy,1992,26960.611,2.5045185066117304
Italy,1993,26902.398,1.6875368501695132
Italy,1994,27668.258,1.6822518202757042
Italy,1995,28666.352,1.9693837535126102
Italy,1996,29231.275,1.927190645613308
Italy,1997,29960.7,2.132613455582999
Italy,1998,30649.629,2.64241122034945
Italy,1999,31340.48,2.523816677714197
Italy,2000,32716.98,2.6786513754637253
Italy,2001,33511.434,2.770637546862975
Italy,2002,33780.055,2.428704358768674
Italy,2003,33917.8,2.047058473320673
Italy,2004,34472.13,1.9230696647014378
Italy,2005,34872.125,1.2840457760799229
Italy,2006,35713.805,1.2811495881579482
Italy,2007,36310.734,1.4553457251526902
Italy,2008,35942.938,1.1666058822004999
Italy,2009,34055.227,-0.243056959546728
Italy,2010,34765.938,-0.06097510504653458
Italy,2011,35151.0,-0.3171807429381279
Italy,2012,34010.035,-1.300623272105328
Italy,2013,33317.242,-1.505700927493514
Italy,2014,33310.703,-0.44111966854587514
Italy,2015,33620.742,-0.6676595114633921
Italy,2016,34120.42,-0.5933732519275647
Italy,2017,34754.77,0.4341637848438884
Italy,2018,35149.824,1.076645972767576
Italy,2019,35407.242,1.228233969356718
Italy,2020,32385.326,-0.7459593878502813
Italy,2021,34827.137,0.41085871372645855
Italy,2022,36224.293,0.8317024330366962
Japan,1958,5243.0,5.85919577703955
Japan,1959,5665.0,6.596982149599273
Japan,1960,6354.0,7.5434494280437026
Japan,1961,7055.0,8.467171353270908
Japan,1962,7614.0,8.779221692659146
Japan,1963,8176.0,9.292964233490842
Japan,1964,9035.0,9.785667953693267
Japan,1965,9459.0,8.28283133365697
Japan,1966,10370.0,8.008105299262326
Japan,1967,11400.0,8.407266996984465
Japan,1968,12725.0,9.25048701654827
Japan,1969,14145.0,9.37925449157615
Japan,1970,15484.0,10.358957029636073
Japan,1971,16004.0,9.066143549103245
Japan,1972,17110.0,8.459858034185807
Japan,1973,18226.0,7.450073025950443
Japan,1974,17765.0,4.662824810256505
Japan,1975,18082.0,3.1508142271030604
Japan,1976,18600.0,3.052108073826809
Japan,1977,19230.0,2.3636716203549346
Japan,1978,20060.0,1.9360762385673747
Japan,1979,20982.0,3.384714833818525
Japan,1980,21404.0,3.4307551477885445
Japan,1981,21924.0,3.3430725941666406
Japan,1982,22440.0,3.1356271192550356
Japan,1983,22805.0,2.5982208059876832
Japan,1984,23548.0,2.334348468697267
Japan,1985,24437.0,2.6858469023289144
Japan,1986,24992.0,2.6540867644504473
Japan,1987,25904.0,2.9126581374967486
Japan,1988,27393.0,3.734186188706201
Japan,1989,28601.0,3.96458831674944
Japan,1990,29949.0,4.151825749874538
Japan,1991,30837.432,4.293066846123961
Japan,1992,30977.814,3.642239174308526
Japan,1993,30920.66,2.4523280820667903
Japan,1994,31135.428,1.7125926071261066
Japan,1995,31887.277,1.2621214661420632
Japan,1996,32784.156,1.2318469591198866
Japan,1997,33038.293,1.2962496494526299
Japan,1998,32558.188,1.0374307736114696
Japan,1999,32394.516,0.796007716641256
Japan,2000,33210.81,0.81668351805253
Japan,2001,33246.39,0.28040921072371994
Japan,2002,33195.402,0.09492682073679592
Japan,2003,33619.95,0.6438790919737647
Japan,2004,34313.56,1.157679073151785
Japan,2005,34857.754,0.9727039803996806
Japan,2006,35333.113,1.2249291454765832
Japan,2007,35892.71,1.574726946923799
Japan,2008,35496.227,1.092055230817146
Japan,2009,33590.01,-0.42533109410604064
Japan,2010,35011.402,0.08800211906077049
Japan,2011,34979.0,-0.20125098126151375
Japan,2012,35537.438,-0.19875179587117708
Japan,2013,36312.348,0.4556637960527965
Japan,2014,36440.215,1.642224087089672
Japan,2015,37053.176,1.1400554627790882
Japan,2016,37384.56,1.3390845642559324
Japan,2017,38078.96,1.3910901796155395
Japan,2018,38403.68,1.1262032463182692
Japan,2019,38332.934,1.0178744505688897
Japan,2020,36826.64,-0.12257628873609816
Japan,2021,37678.277,0.15664128509793596
Japan,2022,38268.79,0.09950513067871203
Spain,1958,5168.911,4.938712556963898
Spain,1959,5079.3,3.2817479150892837
Spain,1960,5031.5664,2.5481629924856586
Spain,1961,5581.4375,3.2180257734200746
Spain,1962,6075.9097,4.423570533762522
Spain,1963,6631.5728,5.109869632768405
Spain,1964,6938.4917,6.436906029530354
Spain,1965,7411.985,8.055347584909978
Spain,1966,7872.8496,7.1216313231521555
Spain,1967,8207.074,6.197772549074454
Spain,1968,8598.881,5.333151803297587
Spain,1969,9299.07,6.031495962514866
Spain,1970,9502.939,5.095635813808785
Spain,1971,9885.877,4.659016565570595
Spain,1972,10787.692,5.620455917644773
Spain,1973,11629.702,6.224655071754781
Spain,1974,12379.95,5.890225885759848
Spain,1975,12613.324,5.826472973189167
Spain,1976,13044.986,5.70260316872071
Spain,1977,13335.212,4.331217922821606
Spain,1978,13568.676,3.1320800789818914
Spain,1979,13678.094,2.0143668966269512
Spain,1980,14005.935,2.1166386911861013
Spain,1981,13895.314,1.270965286654424
Spain,1982,14046.1045,1.0441544815857906
Spain,1983,14240.944,0.9718378698214236
Spain,1984,14313.326,0.912042317890438
Spain,1985,14696.966,0.9678518745808162
Spain,1986,15242.98,1.8685918634883336
Spain,1987,16273.085,2.9870929988019546
Spain,1988,17275.508,3.938970209072745
Spain,1989,18360.352,5.106140251855007
Spain,1990,19215.0,5.507307424700425
Spain,1991,19958.06,5.5382014580015015
Spain,1992,20329.168,4.55142160920583
Spain,1993,20056.54,3.0303173201502
Spain,1994,20673.955,2.4020174081808676
Spain,1995,21522.098,2.2936895610109698
Spain,1996,22185.066,2.1382659202387133
Spain,1997,23113.615,2.6005417712667622
Spain,1998,24284.861,3.900089486895464
Spain,1999,25549.54,4.325843254646111
Spain,2000,26994.86,4.6355580772941
Spain,2001,28153.553,4.880439158042393
Spain,2002,28753.322,4.463369629994474
Spain,2003,29371.865,3.876947785523588
Spain,2004,30088.092,3.32426214307342
Spain,2005,30885.602,2.729458345358182
Spain,2006,31907.424,2.5348986559164732
Spain,2007,32735.434,2.6280353325654593
Spain,2008,32844.324,2.2599935152814554
Spain,2009,31669.691,1.029879623164609
Spain,2010,31786.404,0.5766267400117764
Spain,2011,31600.0,-0.19344444247059167
Spain,2012,30645.215,-1.310962381216152
Spain,2013,30327.451,-1.581868306759171
Spain,2014,30842.184,-0.5281352424643226
Spain,2015,32057.098,0.16974338352819807
Spain,2016,33002.676,0.872414112302633
Spain,2017,33924.137,2.053810982514004
Spain,2018,34553.625,2.6435209727056375
Spain,2019,34957.465,2.5366115513641985
Spain,2020,30834.514,-0.7746634619936521
Spain,2021,32553.05,-0.2739756562983531
Spain,2022,34123.387,0.1171929785376058
Portugal,1962,5308.0,4.605372988333767
Portugal,1963,5585.0,5.570628597586924
Portugal,1964,5926.0,5.877160833301254
Portugal,1965,6363.0,6.1918845868587535
Portugal,1966,6637.0,5.946872124248825
Portugal,1967,7143.0,6.118217693393868
Portugal,1968,7767.0,6.818389429290783
Portugal,1969,7949.0,6.049877201098308
Portugal,1970,8724.0,6.5149938757786074
Portugal,1971,9358.0,7.113015174756865
Portugal,1972,10130.0,7.23727238935119
Portugal,1973,11258.0,7.706419256326513
Portugal,1974,11234.0,7.162881915728714
Portugal,1975,10388.0,3.5531362910642406
Portugal,1976,10861.0,3.0237501632950137
Portugal,1977,11422.0,2.4298512651990123
Portugal,1978,11700.0,0.7731707424775136
Portugal,1979,12326.0,1.872637150166545
Portugal,1980,12822.0,4.300109967123089
Portugal,1981,12934.0,3.5553661509628354
Portugal,1982,13198.0,2.932659436079743
Portugal,1983,13158.0,2.376624006637451
Portugal,1984,12894.0,0.9050961334590379
Portugal,1985,13240.0,0.6436647741720369
Portugal,1986,13774.0,1.2664170764538074
Portugal,1987,14641.0,2.0968923956450336
Portugal,1988,15729.0,3.6339964136924863
Portugal,1989,16533.0,5.097600325480478
Portugal,1990,17256.0,5.441221735032609
Portugal,1991,17949.809,5.438677648477053
Portugal,1992,18598.527,4.901467031568707
Portugal,1993,18519.934,3.3207772181288453
Portugal,1994,18819.027,2.6240382032164167
Portugal,1995,19262.031,2.223886614784476
Portugal,1996,19939.31,2.124527161405121
Portugal,1997,20810.178,2.272635854324845
Portugal,1998,21782.12,3.2980545402894634
Portugal,1999,22589.922,3.7202400437247984
Portugal,2000,23372.041,3.94387720979954
Portugal,2001,23751.371,3.5608750966866998
Portugal,2002,23896.459,2.8043641551731557
Portugal,2003,23677.52,1.6827336132878346
Portugal,2004,24142.766,1.3384969929279178
Portugal,2005,24377.95,0.8463324389020643
Portugal,2006,24809.04,0.8751643202564274
Portugal,2007,25477.205,1.2893177795368027
Portugal,2008,25590.88,1.5663397552649005
Portugal,2009,24902.457,0.6215573523327134
Portugal,2010,25463.164,0.8748813824872803
Portugal,2011,25133.0,0.25980933658042993
Portugal,2012,24211.438,-1.0140032607167337
Portugal,2013,24119.96,-1.1769456574060366
Portugal,2014,24442.387,-0.37225891233758635
Portugal,2015,24983.701,-0.3794623456898072
Portugal,2016,25568.695,0.3443320248002646
Portugal,2017,26529.986,1.8458383084968721
Portugal,2018,27329.69,2.530157487771678
Portugal,2019,28056.057,2.7960918656251055
Portugal,2020,25700.283,0.5671693749399687
Portugal,2021,27138.479,1.1988059308100096
Portugal,2022,28992.059,1.7907719187771676
Greece,1960,5015.0,4.590037566004201
Greece,1961,5408.0,4.6288483240619405
Greece,1962,5577.0,4.1224367370931825
Greece,1963,6122.0,5.325875048459761
Greece,1964,6601.0,6.376394070211999
Greece,1965,7187.0,7.462104528197466
Greece,1966,7570.0,6.957646792096428
Greece,1967,7892.0,7.190744269408733
Greece,1968,8394.0,6.516068410836007
Greece,1969,9191.0,6.844115137257423
Greece,1970,9900.0,6.614803289188664
Greece,1971,10559.0,6.882199407260026
Greece,1972,11795.0,8.36827833873195
Greece,1973,12202.0,7.7686422081809425
Greece,1974,11716.0,4.974380264673384
Greece,1975,12309.0,4.452181668162636
Greece,1976,12919.0,4.116898279382286
Greece,1977,13158.0,2.211176526450931
Greece,1978,13860.0,2.5808850879993406
Greece,1979,14193.0,3.9103883533219808
Greece,1980,14300.0,3.043986762688733
Greece,1981,14180.0,1.8801243855715466
Greece,1982,14153.0,1.468613230622906
Greece,1983,14132.0,0.38945111231734053
Greece,1984,14453.0,0.36372227287215786
Greece,1985,14850.0,0.7576624052174186
Greece,1986,15047.0,1.193994167629575
Greece,1987,14944.0,1.0936018977418804
Greece,1988,15596.0,1.991016340549634
Greece,1989,16117.0,2.2033757455899527
Greece,1990,15964.0,1.45724217581793
Greece,1991,16409.69,1.7489863014150897
Greece,1992,16545.963,2.0575263987011816
Greece,1993,16331.314,0.9256558989993557
Greece,1994,16724.287,0.7424900641824772
Greece,1995,17148.197,1.4414267879660825
Greece,1996,17719.557,1.5477947777422951
Greece,1997,18588.295,2.355103428815819
Greece,1998,19378.709,3.4810299080720863
Greece,1999,20076.559,3.721391265265739
Greece,2000,20965.332,4.101420586613069
Greece,2001,21913.797,4.34050992252375
Greece,2002,22893.959,4.254850273760247
Greece,2003,24380.066,4.698873069034626
Greece,2004,25780.385,5.128392529627113
Greece,2005,26091.523,4.471910597847217
Greece,2006,27731.111,4.821393032494137
Greece,2007,28822.916,4.713675322684963
Greece,2008,28907.926,3.465702654048508
Greece,2009,27839.898,1.5489993315949357
Greece,2010,26517.465,0.3243870038412977
Greece,2011,24349.0,-2.567740962981979
Greece,2012,22746.207,-4.625073954699388
Greece,2013,22335.27,-5.028159492534822
Greece,2014,22591.598,-4.091773036909785
Greece,2015,22696.203,-3.064190681556689
Greece,2016,22679.81,-1.4102747210143596
Greece,2017,22972.889,0.19852430542577348
Greece,2018,23403.611,0.9388454285621517
Greece,2019,23869.793,1.1067941665833247
Greece,2020,21767.22,-0.8323659577209153
Greece,2021,23732.201,0.9112814459884655
Greece,2022,25283.906,1.9355594002764764
Ireland,1955,6248.0,2.5681492487501068
Ireland,1956,6212.0,1.9182538759494383
Ireland,1957,6239.0,1.4524530208611441
Ireland,1958,6169.0,0.6478381817709877
Ireland,1959,6437.0,1.2545027726796443
Ireland,1960,6825.0,1.7823155757042075
Ireland,1961,7186.0,2.955879559539931
Ireland,1962,7390.0,3.444139326561313
Ireland,1963,7685.0,4.492668530486177
Ireland,1964,7948.0,4.307339881082384
Ireland,1965,8051.0,3.3592701986154827
Ireland,1966,8097.0,2.4158998772429108
Ireland,1967,8531.0,2.9132043311181244
Ireland,1968,9197.0,3.657436168761219
Ireland,1969,9706.0,4.077412295555893
Ireland,1970,9881.0,4.18140606965387
Ireland,1971,10128.0,4.577898566296912
Ireland,1972,10621.0,4.4799830264458995
Ireland,1973,10946.0,3.5432640748374267
Ireland,1974,11225.0,2.95067834424787
Ireland,1975,11662.0,3.3699788841083933
Ireland,1976,11639.0,2.8201883532861682
Ireland,1977,12425.0,3.187287850474374
Ireland,1978,13150.0,3.737090159252232
Ireland,1979,13335.0,3.5050010424926725
Ireland,1980,13614.0,3.143660896577738
Ireland,1981,13893.0,3.603892719234958
Ireland,1982,14061.0,2.5047432495646227
Ireland,1983,13931.0,1.1605793456253455
Ireland,1984,14435.0,1.5979052266883897
Ireland,1985,14834.0,1.7312792465321802
Ireland,1986,14768.0,1.2290426416618594
Ireland,1987,15458.0,1.912491461186372
Ireland,1988,16313.0,3.2072743689077976
Ireland,1989,17343.0,3.7388638245319017
Ireland,1990,18838.0,4.8951246972994245
Ireland,1991,19253.943,5.448304134756432
Ireland,1992,20032.719,5.3215687522551125
Ireland,1993,20627.078,4.804703806490451
Ireland,1994,22004.814,4.876623201490227
Ireland,1995,24266.143,5.194538339843269
Ireland,1996,26562.908,6.647624738826052
Ireland,1997,29455.92,8.015613955161193
Ireland,1998,31908.648,9.117432459154994
Ireland,1999,35377.164,9.961603076511372
Ireland,2000,38806.5,9.845114146038858
Ireland,2001,40966.332,9.051160707394201
Ireland,2002,43012.816,7.86611992612789
Ireland,2003,44372.758,6.817301925988417
Ireland,2004,47028.863,5.859123274515965
Ireland,2005,49223.383,4.8705140144539305
Ireland,2006,51296.195,4.599983076663583
Ireland,2007,52322.23,3.99624868366224
Ireland,2008,49583.14,2.2453393332401816
Ireland,2009,47375.734,0.14708079945364716
Ireland,2010,48623.81,-0.24480877720014504
Ireland,2011,48980.0,-0.9198339324124838
Ireland,2012,47360.09,-1.9731031705398694
Ireland,2013,48181.234,-0.5719828622839596
Ireland,2014,50732.348,1.3784862617242766
Ireland,2015,53196.598,1.8138768489097012
Ireland,2016,53686.844,1.852060362069885
Ireland,2017,55465.652,3.2101289593636118
Ireland,2018,58083.45,3.8089736220572323
Ireland,2019,59733.91,3.3206657939267137
Ireland,2020,55134.855,0.7183205608661813
Ireland,2021,57278.42,1.30354214466617
Ireland,2022,60257.082,1.6709297002333923
South Korea,1977,5367.795,9.641080981312067
South Korea,1978,5856.4966,8.910160275329538
South Korea,1979,6265.886,8.786040459000244
South Korea,1980,6064.04,6.810793099455714
South Korea,1981,6398.851,5.673409326530798
South Korea,1982,6821.475,4.909900244990517
South Korea,1983,7611.7344,5.38265745594293
South Korea,1984,8303.519,5.79275791483671
South Korea,1985,8859.355,7.876788607528495
South Korea,1986,9756.205,8.8017257487232
South Korea,1987,10864.975,9.756459170119225
South Korea,1988,12039.945,9.60444705728143
South Korea,1989,12759.489,8.971823829491044
South Korea,1990,13874.0,9.385540509467315
South Korea,1991,15056.16,9.06531570057063
South Korea,1992,15712.002,7.656574968724916
South Korea,1993,16503.434,6.509896714440044
South Korea,1994,17720.395,6.789369728460359
South Korea,1995,19089.299,6.590293501070965
South Korea,1996,20204.56,6.058879654297233
South Korea,1997,21055.945,6.029970935187756
South Korea,1998,19624.691,3.5251101638983373
South Korea,1999,21540.693,3.9817816699404096
South Korea,2000,23108.018,3.894975102267839
South Korea,2001,23804.438,3.3336350311850227
South Korea,2002,25250.637,3.700182384226691
South Korea,2003,25679.246,5.5251281136759145
South Korea,2004,26646.504,4.346073976686249
South Korea,2005,27443.283,3.498647224547957
South Korea,2006,28516.484,3.678238265274203
South Korea,2007,29716.57,3.3106914602563986
South Korea,2008,30117.729,3.239998768369867
South Korea,2009,29967.562,2.376961299816127
South Korea,2010,31537.773,2.8203296113561427
South Korea,2011,32225.0,2.475345152262398
South Korea,2012,32826.48,2.0105589252398026
South Korea,2013,33711.656,2.280201063672993
South Korea,2014,34573.09,2.9004696270679586
South Korea,2015,35357.52,2.312843434085199
South Korea,2016,36255.24,2.384820134097332
South Korea,2017,37296.047,2.5859058207853503
South Korea,2018,38214.324,2.5390333473424453
South Korea,2019,38935.992,2.4053413270137547
South Korea,2020,38606.984,1.7739934742250885
South Korea,2021,40277.953,2.126705272063445
South Korea,2022,41320.9,2.0707706439849316
Taiwan,1973,5496.0,9.545291547160929
Taiwan,1974,5455.0,7.956889505422993
Taiwan,1975,5614.0,6.78057429346528
Taiwan,1976,6245.0,6.916561690681844
Taiwan,1977,6752.0,6.354319891440396
Taiwan,1978,7519.0,6.468876721526073
Taiwan,1979,7967.0,7.869834508496321
Taiwan,1980,8384.0,8.35171063610083
Taiwan,1981,8749.0,6.975714231083963
Taiwan,1982,8910.0,5.703423673130548
Taiwan,1983,9530.0,4.854376749924283
Taiwan,1984,10394.0,5.46238269770698
Taiwan,1985,10779.0,5.1539135122500745
Taiwan,1986,11918.0,6.377307291824552
Taiwan,1987,13705.0,8.993416752866978
Taiwan,1988,14183.0,8.276707317120913
Taiwan,1989,15203.0,7.901955787929538
Taiwan,1990,15841.0,8.004244769108926
Taiwan,1991,16934.814,7.279171282087282
Taiwan,1992,18101.332,5.722226026321153
Taiwan,1993,19087.598,6.11985194279574
Taiwan,1994,20269.266,5.920920255113504
Taiwan,1995,21329.686,6.130539920551659
Taiwan,1996,22390.053,5.743806086778669
Taiwan,1997,23437.768,5.303096831105214
Taiwan,1998,24131.22,4.801041791636518
Taiwan,1999,25471.781,4.675310544069955
Taiwan,2000,26787.445,4.6620811114562954
Taiwan,2001,26203.977,3.195893962310059
Taiwan,2002,27425.807,3.192618529112834
Taiwan,2003,28348.852,3.2740573353968516
Taiwan,2004,29975.139,3.3095283244993556
Taiwan,2005,31374.455,3.2117114678669845
Taiwan,2006,32867.367,4.635617335064457
Taiwan,2007,34761.312,4.854566442437647
Taiwan,2008,34762.367,4.163310167888801
Taiwan,2009,33974.453,2.5364443824791527
Taiwan,2010,37385.49,3.5679493628945735
Taiwan,2011,38565.0,3.2489596394668308
Taiwan,2012,39291.184,2.4801591677539703
Taiwan,2013,40140.73,2.9189117056414027
Taiwan,2014,41930.84,4.298057001795752
Taiwan,2015,42438.46,2.567863154413308
Taiwan,2016,43262.195,2.325303856855676
Taiwan,2017,44618.29,2.575480768855831
Taiwan,2018,45817.938,2.680991774592223
Taiwan,2019,47200.254,2.395802637843092
Taiwan,2020,48779.438,2.824222736402149
Taiwan,2021,51943.883,3.7254128817669097
Taiwan,2022,53142.984,3.558703088694304
Singapore,1968,5294.0,5.508447345790812
Singapore,1969,5931.0,9.312258029847609
Singapore,1970,6650.0,10.751083448525623
Singapore,1971,7318.0,11.132752590307526
Singapore,1972,8155.0,11.457886100593772
Singapore,1973,8894.0,10.933480138817275
Singapore,1974,9314.0,9.446445598911325
Singapore,1975,9602.0,7.623722964669821
Singapore,1976,10178.0,6.820352868744539
Singapore,1977,10790.0,5.759526040173846
Singapore,1978,11588.0,5.43438576445292
Singapore,1979,12521.0,6.096377637385109
Singapore,1980,13601.0,7.211612449272997
Singapore,1981,14335.0,7.089539279361801
Singapore,1982,14687.0,6.360979953821833
Singapore,1983,15720.0,6.289119907711038
Singapore,1984,16767.0,6.014011871373692
Singapore,1985,16611.0,4.079449750842823
Singapore,1986,16831.0,3.2624546740928295
Singapore,1987,18345.0,4.548287685816033
Singapore,1988,19853.0,4.779113612183417
Singapore,1989,21221.0,4.824330236001062
Singapore,1990,22666.0,6.413277914215554
Singapore,1991,23636.684,7.027486382583903
Singapore,1992,24775.57,6.194295410132877
Singapore,1993,27073.715,6.400664942310663
Singapore,1994,29454.613,6.7769459937115695
Singapore,1995,30957.287,6.4333181357073554
Singapore,1996,32724.488,6.722812605845374
Singapore,1997,34868.066,7.073214462573385
Singapore,1998,33590.48,4.407974693593619
Singapore,1999,35156.117,3.602328401621868
Singapore,2000,37772.758,4.059841619162863
Singapore,2001,36864.574,2.411156810636883
Singapore,2002,37829.906,1.643937518828209
Singapore,2003,38950.746,3.005381276610697
Singapore,2004,42111.168,3.676249275237886
Singapore,2005,44698.84,3.424519358837541
Singapore,2006,48073.59,5.453128146607833
Singapore,2007,51844.062,6.50567565992799
Singapore,2008,52180.17,6.022475911963454
Singapore,2009,51344.477,4.04453880178397
Singapore,2010,58612.73,5.569664032841071
Singapore,2011,61672.0,5.1081266001625325
Singapore,2012,62855.523,3.9271181349171513
Singapore,2013,64821.926,4.434330805034947
Singapore,2014,66498.555,5.308564981550656
Singapore,2015,67673.94,2.916711895802826
Singapore,2016,69211.05,2.3334182320650543
Singapore,2017,72292.04,2.8370019937392854
Singapore,2018,74518.15,2.827203952244406
Singapore,2019,74649.734,2.3394812528884534
Singapore,2020,71964.7,1.2370802863065133
Singapore,2021,77945.484,2.4054579468453685
Singapore,2022,80320.086,2.128449113915032
Hong Kong,1960,5088.0,3.519142705187872
Hong Kong,1961,5169.0,3.0408195462422016
Hong Kong,1962,5780.0,4.554912280936252
Hong Kong,1963,6381.0,5.86382923296922
Hong Kong,1964,6664.0,6.097026857948662
Hong Kong,1965,7414.0,7.820439011880231
Hong Kong,1966,7412.0,7.474584722516875
Hong Kong,1967,7474.0,5.274951743625045
Hong Kong,1968,7696.0,3.818622658727766
Hong Kong,1969,8534.0,5.071160742824632
Hong Kong,1970,9250.0,4.524435368410584
Hong Kong,1971,9787.0,5.716514411561846
Hong Kong,1972,10632.0,7.303126168909313
Hong Kong,1973,11717.0,8.770286929857885
Hong Kong,1974,11719.0,6.5485596397289125
Hong Kong,1975,11456.0,4.370617861261872
Hong Kong,1976,12929.0,5.726308650505696
Hong Kong,1977,13986.0,5.636915371118056
Hong Kong,1978,14689.0,4.62492512107604
Hong Kong,1979,15903.0,6.296190650396238
Hong Kong,1980,17086.0,8.323199573772499
Hong Kong,1981,18301.0,7.19683849666608
Hong Kong,1982,18527.0,5.7845676798086165
Hong Kong,1983,19349.0,5.665511273478097
Hong Kong,1984,21042.0,5.7600363631686635
Hong Kong,1985,20883.0,4.095150467911135
Hong Kong,1986,22823.0,4.5152302955094425
Hong Kong,1987,25414.0,6.5255008545645365
Hong Kong,1988,27063.0,6.940813284494873
Hong Kong,1989,27377.0,5.4046493776323645
Hong Kong,1990,27960.0,6.010493372247727
Hong Kong,1991,29008.7,4.913435162078295
Hong Kong,1992,30202.54,3.5128076740438496
Hong Kong,1993,31242.2,2.9136861866490005
Hong Kong,1994,32219.357,3.3109137149954115
Hong Kong,1995,31941.908,2.6986506522939324
Hong Kong,1996,32261.803,2.148518823659318
Hong Kong,1997,33385.82,2.0243216505574146
Hong Kong,1998,30866.428,-0.24171987097595382
Hong Kong,1999,31134.166,-0.6828900283074146
Hong Kong,2000,32894.01,0.5891627028966617
Hong Kong,2001,32734.201,0.29115248168056773
Hong Kong,2002,33038.15,-0.20914707383761222
Hong Kong,2003,33594.316,1.7081806679148714
Hong Kong,2004,36052.992,2.977137434402155
Hong Kong,2005,38191.9,3.031705512430194
Hong Kong,2006,40172.855,4.180440758832815
Hong Kong,2007,42230.887,5.0323050172194295
Hong Kong,2008,42635.48,4.8820266610764
Hong Kong,2009,41076.234,2.6431239648008864
Hong Kong,2010,43170.55,2.4809784953852887
Hong Kong,2011,44532.0,2.081701586495721
Hong Kong,2012,44795.11,1.1859190928099173
Hong Kong,2013,45997.89,1.5297579275929563
Hong Kong,2014,46941.586,2.705435374073839
Hong Kong,2015,47653.695,1.9956851932973585
Hong Kong,2016,48385.113,1.6735322887011295
Hong Kong,2017,49841.457,2.1579159008775717
Hong Kong,2018,50847.723,2.02502734964507
Hong Kong,2019,49631.062,1.1204891792869098
Hong Kong,2020,46550.258,-0.46745651625201834
Hong Kong,2021,50006.348,0.6613326828816657
Hong Kong,2022,48289.383,-0.6307103149656212
Chile,1955,6341.0,1.5210463865937385
Chile,1956,6285.0,0.9290838367393528
Chile,1957,6758.0,1.5686882505337563
Chile,1958,6958.0,1.1172638138770896
Chile,1959,6409.0,0.5455618978738253
Chile,1960,6781.0,1.3508040012707
Chile,1961,6923.0,1.9524836238396182
Chile,1962,7071.0,0.9096105262607956
Chile,1963,7336.0,1.0636501276733545
Chile,1964,7320.0,2.6937852096173387
Chile,1965,7208.0,1.2288275303885987
Chile,1966,7844.0,2.529455427062932
Chile,1967,7933.0,2.3272548533433746
Chile,1968,8053.0,1.8825192636192645
Chile,1969,8187.0,2.2639919831765276
Chile,1970,8195.0,2.599876021248626
Chile,1971,8773.0,2.263842931288629
Chile,1972,8520.0,1.437941661617037
Chile,1973,7911.0,-0.3551776820278518
Chile,1974,7857.0,-0.8194773510683984
Chile,1975,6731.0,-3.85955532370319
Chile,1976,6868.0,-4.778190212483635
Chile,1977,7438.0,-2.6797276004424164
Chile,1978,7936.0,0.06312339330014627
Chile,1979,8475.0,1.5258398416544638
Chile,1980,9024.0,6.038579000639066
Chile,1981,9427.0,6.539006878700748
Chile,1982,8016.0,1.5080083892446972
Chile,1983,7667.0,-0.687306478481442
Chile,1984,7992.0,-1.1667325060146339
Chile,1985,8024.0,-2.3216383371076232
Chile,1986,8325.0,-2.4556437276317733
Chile,1987,8721.0,1.700178596955193
Chile,1988,9199.0,3.7105723739686347
Chile,1989,10005.0,4.595337004053168
Chile,1990,10203.0,4.922201223299982
Chile,1991,10746.491,5.238945414110541
Chile,1992,11773.301,6.185787491454708
Chile,1993,12296.926,5.976894292421631
Chile,1994,12692.551,4.873645525472581
Chile,1995,13715.933,6.0961180190791
Chile,1996,14433.319,6.076676954710192
Chile,1997,15079.831,5.075059690192929
Chile,1998,15259.541,4.41165559557497
Chile,1999,14846.418,3.1845212183546856
Chile,2000,15211.623,2.0916069285634276
Chile,2001,15448.009,1.368089344069423
Chile,2002,15509.825,0.5638947037149844
Chile,2003,15809.178,0.7102244291227855
Chile,2004,16478.973,2.108451874041739
Chile,2005,17137.486,2.4128169441152147
Chile,2006,17920.803,3.0141753796252058
Chile,2007,18487.9,3.575285040554954
Chile,2008,18804.03,3.530504236976917
Chile,2009,18184.48,1.989191468999163
Chile,2010,18909.848,1.9877909251168724
Chile,2011,19705.0,1.916334302300382
Chile,2012,20690.797,2.276987403785924
Chile,2013,21171.06,2.399617292917755
Chile,2014,21337.76,3.2498876819631706
Chile,2015,21574.018,2.6711909607069373
Chile,2016,21715.713,1.9622782532968674
Chile,2017,21709.428,0.9657863888359985
Chile,2018,22175.664,0.931518206855575
Chile,2019,21924.408,0.5439191699302626
Chile,2020,20205.87,-1.301783814542623
Chile,2021,22324.96,0.5549187045587711
Chile,2022,22740.72,0.9325315083328123
Poland,1960,5125.0,2.846314037961095
Poland,1961,5461.0,3.6492774512083104
Poland,1962,5325.0,2.43706397471668
Poland,1963,5582.0,2.7539874824716204
Poland,1964,5773.0,3.186499596507675
Poland,1965,6036.0,3.3263462060705073
Poland,1966,6362.0,3.1013371122162514
Poland,1967,6540.0,4.196139195144544
Poland,1968,6881.0,4.273114404541256
Poland,1969,6760.0,3.2069699232959215
Poland,1970,7058.0,3.177852541246473
Poland,1971,7503.0,3.35423013051237
Poland,1972,7986.0,4.075932676604133
Poland,1973,8512.0,4.346049481940906
Poland,1974,8928.0,5.721057138556929
Poland,1975,9258.0,5.576462080216316
Poland,1976,9397.0,4.604617577366099
Poland,1977,9483.0,3.4959341791112264
Poland,1978,9741.0,2.7340444156655375
Poland,1979,9471.0,1.1878413132216714
Poland,1980,9149.0,-0.23658886456486838
Poland,1981,8584.0,-1.7935309784799736
Poland,1982,8429.0,-2.3289041021250623
Poland,1983,8764.0,-2.091642464561272
Poland,1984,9006.0,-1.0018175658373485
Poland,1985,9022.0,-0.27918045873214226
Poland,1986,9240.0,1.48373730545861
Poland,1987,9059.0,1.4520532927547736
Poland,1988,9228.0,1.0371397659637127
Poland,1989,9060.0,0.11963346732002389
Poland,1990,8150.0,-2.012436883627966
Poland,1991,7625.843,-3.7671877101986273
Poland,1992,7873.925,-2.7650930747324387
Poland,1993,8229.529,-2.264243508474939
Poland,1994,8721.827,-0.7579208984118124
Poland,1995,9408.274,2.913054791396563
Poland,1996,10066.171,5.709809159117651
Poland,1997,10811.274,6.545992693762193
Poland,1998,11413.256,6.75959454202022
Poland,1999,12058.42,6.693162353565785
Poland,2000,12732.167,6.237654508223289
Poland,2001,13017.584,5.276931234880866
Poland,2002,13415.571,4.411048639789761
Poland,2003,14035.637,4.223226512945821
Poland,2004,14906.094,4.331317050587091
Poland,2005,15580.937,4.120980466401103
Poland,2006,16711.447,5.122754833617105
Poland,2007,18067.428,6.134709154497187
Poland,2008,19011.547,6.256881546836102
Poland,2009,19718.465,5.755228918386823
Poland,2010,20608.693,5.752678417923263
Poland,2011,21837.0,5.495949098321651
Poland,2012,22169.826,4.177322283325302
Poland,2013,22378.305,3.3146589102535318
Poland,2014,23247.818,3.34793862378584
Poland,2015,24285.14,3.3375194404533515
Poland,2016,25020.621,2.759272765993237
Poland,2017,26310.113,3.4837327603322255
Poland,2018,27880.836,4.495050605577977
Poland,2019,29142.023,4.623079721074452
Poland,2020,28577.14,3.3083987589100694
Poland,2021,30687.662,4.167716402941335
Poland,2022,32468.402,4.295997046216127
Czechia,1975,10954.0,4.600266841914102
Czechia,1976,11317.0,4.2812232274432205
Czechia,1977,11634.0,3.8619902356384905
Czechia,1978,12055.0,3.754729596748052
Czechia,1979,12164.0,3.0960223509727935
Czechia,1980,12336.0,2.404802618815527
Czechia,1981,12306.0,1.689735794667424
Czechia,1982,12109.0,0.8035539488516319
Czechia,1983,12301.0,0.4048382300412934
Czechia,1984,12573.0,0.6636099536877049
Czechia,1985,12855.0,0.8276265262705307
Czechia,1986,13211.0,1.4293766248782314
Czechia,1987,13514.0,2.2198235806484057
Czechia,1988,13791.0,2.313058625508635
Czechia,1989,14027.0,2.212774310639687
Czechia,1990,14178.0,1.9784902690769712
Czechia,1991,12724.541,-0.7475384252278894
Czechia,1992,12810.432,-1.0636299469074406
Czechia,1993,12974.197,-1.2136484833054406
Czechia,1994,13517.582,-0.7371265030504226
Czechia,1995,14550.1045,0.5194788021952945
Czechia,1996,15386.32,3.8720079434942045
Czechia,1997,15494.317,3.8775581944097803
Czechia,1998,15657.426,3.831224551456436
Czechia,1999,16102.508,3.5616359153149535
Czechia,2000,17056.16,3.2293112648094313
Czechia,2001,17868.568,3.03647623380483
Czechia,2002,18431.027,3.5321945281456157
Czechia,2003,19344.09,4.319521720583963
Czechia,2004,20555.035,5.003781453962719
Czechia,2005,22128.58,5.345128425253942
Czechia,2006,23888.164,5.9787040655187695
Czechia,2007,25382.807,6.610019418038893
Czechia,2008,26186.045,6.243977489961883
Czechia,2009,25093.863,4.0710318143050594
Czechia,2010,25922.395,3.215356185679741
Czechia,2011,26725.0,2.2697015073788185
Czechia,2012,26483.38,0.8525196537471302
Czechia,2013,26467.629,0.21414504059147355
Czechia,2014,27030.19,1.4977266847189918
Czechia,2015,28437.604,1.8693595223227444
Czechia,2016,29097.504,1.7156091996617828
Czechia,2017,30531.383,2.885604365588401
Czechia,2018,31405.09,3.4801383717641077
Czechia,2019,32226.553,3.579295151530215
Czechia,2020,30365.37,1.3204511745582126
Czechia,2021,31452.557,1.568735184671155
Czechia,2022,32247.395,1.0996453249955573
Hungary,1957,5051.0,2.7840524657268384
Hungary,1958,5367.0,3.8604415044874107
Hungary,1959,5553.0,4.0967060640762165
Hungary,1960,5816.0,3.5123305160606577
Hungary,1961,6083.0,5.601443110896298
Hungary,1962,6315.0,4.5680952581607315
Hungary,1963,6644.0,4.361330121638418
Hungary,1964,6994.0,4.722401012372024
Hungary,1965,7029.0,3.861317904979078
Hungary,1966,7406.0,4.014330552077783
Hungary,1967,7801.0,4.317071024536778
Hungary,1968,7865.0,3.4317375920743576
Hungary,1969,8069.0,2.9008157114056576
Hungary,1970,8015.0,2.660174155598538
Hungary,1971,8349.0,2.4259853638899154
Hungary,1972,8505.0,1.7430629941034281
Hungary,1973,8920.0,2.5494240281105807
Hungary,1974,9111.0,2.458800267033867
Hungary,1975,9253.0,2.9143195918915676
Hungary,1976,9231.0,2.028818607602445
Hungary,1977,9765.0,2.8015317995883304
Hungary,1978,9967.0,2.2444918328764496
Hungary,1979,9964.0,1.806037571092256
Hungary,1980,10052.0,1.6702715592970208
Hungary,1981,10123.0,1.8619761086027697
Hungary,1982,10493.0,1.4484661368693086
Hungary,1983,10401.0,0.8560900580194986
Hungary,1984,10696.0,1.4279236558498498
Hungary,1985,10452.0,0.7834878879571905
Hungary,1986,10678.0,1.0732279639370734
Hungary,1987,10861.0,0.6917822977458243
Hungary,1988,11207.0,1.5039294502318779
Hungary,1989,11003.0,0.5675670550068679
Hungary,1990,10296.0,-0.30030572485640894
Hungary,1991,9255.909,-2.8180001441546976
Hungary,1992,9153.921,-3.3621032539922213
Hungary,1993,9294.464,-3.6732305241552132
Hungary,1994,9772.224,-2.3445557394947025
Hungary,1995,10134.834,-0.31504407955174063
Hungary,1996,10359.182,2.2777763675429163
Hungary,1997,10942.326,3.633579245670293
Hungary,1998,11663.028,4.644737699099788
Hungary,1999,12316.724,4.737055246325039
Hungary,2000,13129.273,5.313684640035321
Hungary,2001,13933.562,6.10780686773702
Hungary,2002,14899.307,6.368071141585729
Hungary,2003,15829.9,6.300025968964884
Hungary,2004,16999.006,6.656091242496731
Hungary,2005,18140.617,6.679820208329956
Hungary,2006,19253.062,6.681111273843365
Hungary,2007,19763.791,5.8134407792294285
Hungary,2008,20380.63,5.183565080923036
Hungary,2009,19461.07,2.742147140826612
Hungary,2010,20036.334,2.0077672189421136
Hungary,2011,20886.0,1.6415063712267752
Hungary,2012,20731.67,0.9608055147787509
Hungary,2013,21163.564,0.7567708217357305
Hungary,2014,22118.75,2.5932465062537435
Hungary,2015,22993.375,2.7914262298665227
Hungary,2016,23568.926,2.4464476687024117
Hungary,2017,24641.197,3.515528248526434
Hungary,2018,25995.51,4.198605611927908
Hungary,2019,27272.312,4.277899708860589
Hungary,2020,26091.4,2.5602172476529628
Hungary,2021,28085.963,3.569029172251903
Hungary,2022,29451.855,3.6311149229980577
Malaysia,1978,5214.0,5.022145538078249
Malaysia,1979,5510.0,5.157476227030688
Malaysia,1980,5829.0,6.668390127527379
Malaysia,1981,6095.0,5.615727073997223
Malaysia,1982,6303.0,5.151889921230457
Malaysia,1983,6529.0,4.600829449480415
Malaysia,1984,6867.0,4.501636052054625
Malaysia,1985,6626.0,2.5962471878203663
Malaysia,1986,6543.0,1.4286492850628774
Malaysia,1987,6723.0,1.2985341311920084
Malaysia,1988,7144.0,1.81668558770407
Malaysia,1989,7634.0,2.140274726888558
Malaysia,1990,8179.0,4.3013081342548665
Malaysia,1991,8781.209,6.060941668324715
Malaysia,1992,9383.933,6.896714539104898
Malaysia,1993,10131.93,7.238355869819468
Malaysia,1994,10867.256,7.318241666205694
Malaysia,1995,11725.093,7.469002424949767
Malaysia,1996,12668.668,7.605712687197785
Malaysia,1997,13344.57,7.296100161711716
Malaysia,1998,12129.636,3.664753066802251
Malaysia,1999,12636.607,3.0628425003059068
Malaysia,2000,13474.701,2.820702839670153
Malaysia,2001,13307.215,0.988342374075768
Malaysia,2002,13809.872,0.6878375746488974
Malaysia,2003,14362.155,3.4366313318092923
Malaysia,2004,15087.251,3.6086290838576174
Malaysia,2005,15651.118,3.0398566299343566
Malaysia,2006,16353.924,4.209415573735886
Malaysia,2007,17209.584,4.499964723357097
Malaysia,2008,17865.64,4.4623505429982835
Malaysia,2009,17430.445,2.9294546698466206
Malaysia,2010,18574.299,3.484049090443575
Malaysia,2011,19390.0,3.4644531750182006
Malaysia,2012,20162.178,3.2175186516054
Malaysia,2013,20819.164,3.1071877317122354
Malaysia,2014,21769.006,4.545663893455143
Malaysia,2015,22550.342,3.955660014452045
Malaysia,2016,23251.902,3.69937406137828
Malaysia,2017,24301.559,3.8052546523103414
Malaysia,2018,25175.799,3.8733158117489674
Malaysia,2019,25986.412,3.6051977796683454
Malaysia,2020,24279.316,1.4884601032237876
Malaysia,2021,24764.65,1.2685850891826833
Malaysia,2022,26628.707,1.8458151976864734
Turkey,1973,5050.0,4.144581262805902
Turkey,1974,5353.0,4.639322742841712
Turkey,1975,5719.0,5.393293025479573
Turkey,1976,6110.0,5.320255167456511
Turkey,1977,6271.0,4.933847390451018
Turkey,1978,6350.0,4.687895498833838
Turkey,1979,6204.0,2.994707639494787
Turkey,1980,6070.0,1.1984169572136993
Turkey,1981,6201.0,0.2961134760833817
Turkey,1982,6381.0,0.34838532236531883
Turkey,1983,6489.0,0.43401156863553947
Turkey,1984,6736.0,1.6590525631519082
Turkey,1985,6958.0,2.768293896790941
Turkey,1986,7323.0,3.3821263791766754
Turkey,1987,7838.0,4.198940463011658
Turkey,1988,8019.0,4.325022695660752
Turkey,1989,7992.0,3.478632163990447
Turkey,1990,8606.0,4.343015462392041
Turkey,1991,8658.379,3.406898294230576
Turkey,1992,9150.435,3.144790060513647
Turkey,1993,9865.301,4.231269034643814
Turkey,1994,9308.695,3.097151243778651
Turkey,1995,9962.536,2.97071121297936
Turkey,1996,10644.634,4.217062607883526
Turkey,1997,11432.437,4.553702125746284
Turkey,1998,11772.83,3.598652464201524
Turkey,1999,11151.674,3.678869447947708
Turkey,2000,11904.008,3.6250280851987116
Turkey,2001,10950.992,0.5690958397323698
Turkey,2002,11753.953,0.5562401750305979
Turkey,2003,12380.207,1.0111712015125063
Turkey,2004,13423.795,3.778418768665315
Turkey,2005,14487.758,4.006766482221136
Turkey,2006,15425.188,7.091598433708035
Turkey,2007,16090.835,6.482668533138103
Turkey,2008,16182.732,5.502994671302419
Turkey,2009,15188.421,2.500849110102954
Turkey,2010,16528.12,2.6702110729141193
Turkey,2011,17919.0,3.042564962437
Turkey,2012,18539.223,2.873280553051627
Turkey,2013,19855.717,4.175776551062116
Turkey,2014,20557.4,6.240746094454286
Turkey,2015,21519.33,5.419525632732425
Turkey,2016,21937.162,4.1293924763868395
Turkey,2017,23278.996,4.658509027007396
Turkey,2018,23650.49,3.5597310202605925
Turkey,2019,23497.504,2.709522262980224
Turkey,2020,23721.88,1.9680400754658933
Turkey,2021,26175.93,3.5963217125926317
Turkey,2022,27361.988,3.2848636398721487
Russia,1958,5114.7285,5.846620490461807
Russia,1959,5326.702,5.329418380351925
Russia,1960,5557.0,5.200988522447436
Russia,1961,5874.0,4.9414828181047366
Russia,1962,6229.0,5.130352189482301
Russia,1963,6405.0,4.601836547758009
Russia,1964,6754.0,4.862578145706142
Russia,1965,7068.0,4.9279598501255295
Russia,1966,7517.0,5.056304931017919
Russia,1967,7943.0,4.981614231053899
Russia,1968,8391.0,5.550165207159097
Russia,1969,8563.0,4.860754329884065
Russia,1970,9234.0,5.491791047615635
Russia,1971,9567.0,4.941252847275712
Russia,1972,9785.0,4.259407730601228
Russia,1973,10492.0,4.570434405693868
Russia,1974,10801.0,4.753273746791553
Russia,1975,11164.0,3.869009818888669
Russia,1976,11426.0,3.6152523774236167
Russia,1977,11692.0,3.6252509606578
Russia,1978,11829.0,2.4278248043997364
Russia,1979,11867.0,1.9002842003874587
Russia,1980,12204.0,1.797350395049735
Russia,1981,12274.0,1.4421347290780595
Russia,1982,12267.0,0.9647819580012928
Russia,1983,12420.0,0.9798480399239251
Russia,1984,12379.0,0.8483795109669012
Russia,1985,12475.0,0.4402236455112396
Russia,1986,12694.0,0.6751939640696536
Russia,1987,12597.0,0.532331079939663
Russia,1988,12720.0,0.4784907564717056
Russia,1989,12766.0,0.6175771581068634
Russia,1990,12400.0,-0.12053068388265809
Russia,1991,12012.235,-1.0980020096905907
Russia,1992,10487.548,-3.599038305951996
Russia,1993,9789.066,-5.1033614414355615
Russia,1994,8743.747,-7.289579997874263
Russia,1995,8586.323,-7.086866417327031
Russia,1996,8479.381,-6.728692263283276
Russia,1997,8813.35,-3.4186189648696352
Russia,1998,8557.495,-2.6533345801001085
Russia,1999,9340.029,1.3281534492470604
Russia,2000,10552.885,4.210816044569543
Russia,2001,11391.194,6.081834068157654
Russia,2002,12259.477,6.823347973690952
Russia,2003,13521.239,9.580673933923723
Russia,2004,14880.979,9.763173715518981
Russia,2005,16243.101,9.008295244437846
Russia,2006,18008.336,9.592508403668699
Russia,2007,20018.123,10.303751175895348
Russia,2008,21563.463,9.784342116896848
Russia,2009,20335.559,6.4449156760481685
Russia,2010,21737.385,6.00044061893128
Russia,2011,23130.0,5.1333273423155745
Russia,2012,24020.31,3.7124875383383715
Russia,2013,24389.973,2.494028269774029
Russia,2014,24135.035,3.485228647579497
Russia,2015,23607.953,1.6647054900851943
Russia,2016,23610.37,0.41195714132433725
Russia,2017,24013.967,-0.005281921923583344
Russia,2018,24690.082,0.24488975267131785
Russia,2019,25244.12,0.9026240631446525
Russia,2020,24625.385,0.8474542272741914
Russia,2021,26119.947,2.0408105392197395
Russia,2022,25437.107,1.1581227907809133
Argentina,1955,8348.0,0.9843300629389873
Argentina,1956,8424.0,0.8223751512055344
Argentina,1957,8705.0,2.9726141206568135
Argentina,1958,9083.0,3.1746106244550543
Argentina,1959,8354.0,1.0268182002994841
Argentina,1960,8861.0,1.1998943780976878
Argentina,1961,9344.0,2.094628769363127
Argentina,1962,9049.0,0.7781455607956733
Argentina,1963,8695.0,-0.8693270437463152
Argentina,1964,9446.0,2.487451538344465
Argentina,1965,10155.0,2.7636303426719966
Argentina,1966,10076.0,1.5198730049407416
Argentina,1967,10200.0,2.423571769066135
Argentina,1968,10485.0,3.8149190591804105
Argentina,1969,11217.0,3.4965220362089378
Argentina,1970,11639.0,2.7654546796735735
Argentina,1971,12003.0,3.5619762662794763
Argentina,1972,12170.0,3.5948298160854097
Argentina,1973,12691.0,3.8928073743383917
Argentina,1974,13284.0,3.440456719099494
Argentina,1975,12946.0,2.151320926244038
Argentina,1976,12696.0,1.1289321749983428
Argentina,1977,13236.0,1.6935096668939664
Argentina,1978,12444.0,-0.3923184483136444
Argentina,1979,13114.0,-0.2572673323751773
Argentina,1980,13080.0,0.20616194021190193
Argentina,1981,12125.0,-0.9161286620077091
Argentina,1982,11550.0,-2.688303235900613
Argentina,1983,11775.0,-1.0991138982322957
Argentina,1984,11837.0,-2.02815343839432
Argentina,1985,10895.0,-3.589597026056235
Argentina,1986,11515.0,-1.0270673399300434
Argentina,1987,11633.0,0.14331159038944996
Argentina,1988,11244.0,-0.9186342723337626
Argentina,1989,10393.0,-2.568395190192496
Argentina,1990,10254.0,-1.2053980644768147
Argentina,1991,11223.984,-0.51064407739424
Argentina,1992,12267.084,1.0671274361579108
Argentina,1993,12926.795,2.8286194051659663
Argentina,1994,13571.38,5.4815776445183095
Argentina,1995,13086.036,4.998467289788122
Argentina,1996,13715.227,4.090523376142063
Argentina,1997,14722.6455,3.716750867165053
Argentina,1998,15185.959,3.273827330674628
Argentina,1999,14577.832,1.441061708721536
Argentina,2000,14368.942,1.8880701056370741
Argentina,2001,13651.981,-0.09239801008321669
Argentina,2002,12094.772,-3.8559602640231505
Argentina,2003,13088.565,-2.928897499246319
Argentina,2004,14183.226,-0.5473370212025763
Argentina,2005,15344.157,1.3219754067199663
Argentina,2006,16490.473,3.8502359315768953
Argentina,2007,17891.943,8.146374323584915
Argentina,2008,18520.305,7.189247013137012
Argentina,2009,17328.977,4.087740333694168
Argentina,2010,18979.992,4.344748904298368
Argentina,2011,20003.0,3.937532995354842
Argentina,2012,19573.963,1.813238409729978
Argentina,2013,19821.643,1.3673990157087035
Argentina,2014,19112.232,1.9782832693255425
Argentina,2015,19423.666,0.4632064561448601
Argentina,2016,18819.643,-1.212214705724246
Argentina,2017,19150.52,-0.4364526735578189
Argentina,2018,18460.87,-1.412352677024542
Argentina,2019,17912.637,-1.2880745383008652
Argentina,2020,15975.839,-3.8329055353555574
Argentina,2021,17470.682,-1.4765308404927402
Argentina,2022,18292.318,-0.9127821985623008
Mexico,1963,5118.0,2.6025734389871547
Mexico,1964,5555.0,4.316314530297838
Mexico,1965,5737.0,3.966489713844945
Mexico,1966,5950.0,4.35867796010494
Mexico,1967,6132.0,4.669142854830777
Mexico,1968,6432.0,4.676489840529663
Mexico,1969,6629.0,3.5983387040507075
Mexico,1970,6873.0,3.6793578794078963
Mexico,1971,6912.0,3.0427291557346914
Mexico,1972,7256.0,3.423451118929366
Mexico,1973,7597.0,3.385401368667762
Mexico,1974,7801.0,3.3095457052041866
Mexico,1975,8011.0,3.111730971276705
Mexico,1976,8131.0,3.301837414193831
Mexico,1977,8177.0,2.418720211418224
Mexico,1978,8690.0,2.7248533673436492
Mexico,1979,9307.0,3.5933523134044076
Mexico,1980,9929.0,4.386360478076434
Mexico,1981,10538.0,5.322909217894001
Mexico,1982,10240.0,4.602289849141483
Mexico,1983,9656.0,2.1305089458676374
Mexico,1984,9777.0,0.9901879035440819
Mexico,1985,9785.0,-0.29175690396568976
Mexico,1986,9283.0,-2.504172158964302
Mexico,1987,9256.0,-2.0003154248872113
Mexico,1988,9193.0,-0.9779300373420119
Mexico,1989,9392.0,-0.800269167952028
Mexico,1990,9699.0,-0.17640049983926875
Mexico,1991,10008.551,1.5164848312941626
Mexico,1992,10262.211,2.0853727275268907
Mexico,1993,10357.829,2.4146995697784
Mexico,1994,10721.008,2.6822809159926964
Mexico,1995,9944.953,0.5021043178679463
Mexico,1996,10386.499,0.7440939646210509
Mexico,1997,11030.343,1.4541030206299599
Mexico,1998,11510.877,2.133434231035447
Mexico,1999,11894.203,2.0986372106034823
Mexico,2000,12613.396,4.868693919354583
Mexico,2001,12565.465,3.8823764717727194
Mexico,2002,12645.504,2.7707261536877636
Mexico,2003,12793.956,2.1361040728712144
Mexico,2004,13287.6,2.240329371527494
Mexico,2005,13655.801,1.6007771101727686
Mexico,2006,14287.559,2.602016047874578
Mexico,2007,14684.728,3.0352792967179187
Mexico,2008,14808.09,2.96718468908701
Mexico,2009,14026.989,1.0889259069884805
Mexico,2010,14697.298,1.480842502920643
Mexico,2011,15210.0,1.2591402030992516
Mexico,2012,15547.994,1.1490228306297867
Mexico,2013,15614.781,1.0665336034343609
Mexico,2014,15883.877,2.5175955758559354
Mexico,2015,16235.004,2.0100545965527683
Mexico,2016,16705.047,1.8928471127575008
Mexico,2017,16900.13,1.6817790628036233
Mexico,2018,17055.117,1.7803080779758895
Mexico,2019,16802.014,1.130223112218287
Mexico,2020,15253.691,-1.239220540051278
Mexico,2021,15853.376,-1.0411108262224356
Mexico,2022,16235.455,-0.7992664071110767
Thailand,1986,5053.0,3.6195701075997677
Thailand,1987,5453.0,4.503656917139298
Thailand,1988,6089.0,6.056257201521831
Thailand,1989,6735.0,7.369052420448674
Thailand,1990,7385.0,8.719415540581622
Thailand,1991,7849.7446,9.209707946982903
Thailand,1992,8409.0205,9.049074157878035
Thailand,1993,8964.292,8.04234559208783
Thailand,1994,9499.518,7.120550033492146
Thailand,1995,10080.208,6.420133354282287
Thailand,1996,10458.358,5.906251207700497
Thailand,1997,9995.618,3.5172790005918886
Thailand,1998,9077.748,0.25185690957387763
Thailand,1999,9347.061,-0.3230590005884104
Thailand,2000,9627.1045,-0.9156103593851217
Thailand,2001,9818.721,-1.2542794721186912
Thailand,2002,10276.398,0.5555980038234765
Thailand,2003,10868.836,3.6671078695558412
Thailand,2004,11408.326,4.066121571854064
Thailand,2005,11742.128,4.0519503052492745
Thailand,2006,12180.711,4.405539990486718
Thailand,2007,12694.715,4.317316812456817
Thailand,2008,12768.129,3.273487980044232
Thailand,2009,12543.398,1.9151283914925932
Thailand,2010,13343.547,2.589968361642603
Thailand,2011,13318.0,1.8012883499529675
Thailand,2012,14202.251,2.2696679073583192
Thailand,2013,14504.184,2.5824831968886075
Thailand,2014,14571.971,3.0435041573807498
Thailand,2015,14960.908,2.3145344628916487
Thailand,2016,15411.534,2.9630435413448675
Thailand,2017,15994.506,2.405369628461851
Thailand,2018,16610.05,2.748508849114506
Thailand,2019,16905.293,3.0150981857436365
Thailand,2020,15815.915,1.117721258273252
Thailand,2021,16019.519,0.7768363592947081
Thailand,2022,16421.072,0.5277899267360553
China,2002,5343.1123,4.387073294408328
China,2003,5649.4634,5.562354738741626
China,2004,6067.5913,6.317609019477488
China,2005,6626.592,6.974264367032035
China,2006,7271.0356,7.797736800999289
China,2007,7895.713,8.123329410807024
China,2008,8190.1123,7.710125386253108
China,2009,8734.041,7.5572726657454625
China,2010,9658.419,7.825917435360119
China,2011,10221.0,7.048213399441239
China,2012,10946.834,6.752839533952382
China,2013,11731.295,7.451187589884101
China,2014,12515.198,7.459421863745308
China,2015,13325.432,6.648573563849669
China,2016,14138.955,6.70500359984898
China,2017,15030.447,6.545882966729577
China,2018,15977.008,6.372630565477433
China,2019,16879.54,6.165785275894486
China,2020,17225.969,5.268994036167207
China,2021,18666.605,5.71329388208881
China,2022,19238.18,5.060246988752182
